{
  "accuracy": 0.7612903225806451,
  "balanced_accuracy": 0.7614052614052614,
  "precision": 0.7733333333333333,
  "recall": 0.7435897435897436,
  "f1": 0.7581699346405228,
  "roc_auc": 0.8306693306693307,
  "pr_auc": 0.8422693014277842
}