{
  "logistic_regression": {
    "accuracy": 0.7612903225806451,
    "balanced_accuracy": 0.7614885114885115,
    "precision": 0.7808219178082192,
    "recall": 0.7307692307692307,
    "f1": 0.7549668874172185,
    "roc_auc": 0.8218448218448218,
    "pr_auc": 0.8504998218512789
  },
  "svm_linear": {
    "accuracy": 0.7354838709677419,
    "balanced_accuracy": 0.7357642357642358,
    "precision": 0.7605633802816901,
    "recall": 0.6923076923076923,
    "f1": 0.7248322147651006,
    "roc_auc": 0.7993672993672994,
    "pr_auc": 0.836889610927226
  },
  "svm_rbf": {
    "accuracy": 0.7935483870967742,
    "balanced_accuracy": 0.7937062937062938,
    "precision": 0.8108108108108109,
    "recall": 0.7692307692307693,
    "f1": 0.7894736842105263,
    "roc_auc": 0.8351648351648352,
    "pr_auc": 0.8277098011009484
  },
  "knn": {
    "accuracy": 0.7161290322580646,
    "balanced_accuracy": 0.7161172161172161,
    "precision": 0.717948717948718,
    "recall": 0.717948717948718,
    "f1": 0.717948717948718,
    "roc_auc": 0.7767232767232767,
    "pr_auc": 0.7369241220904202
  },
  "random_forest": {
    "accuracy": 0.8129032258064516,
    "balanced_accuracy": 0.813103563103563,
    "precision": 0.8356164383561644,
    "recall": 0.782051282051282,
    "f1": 0.8079470198675497,
    "roc_auc": 0.8782883782883782,
    "pr_auc": 0.8929237731551616
  },
  "gradient_boosting": {
    "accuracy": 0.7870967741935484,
    "balanced_accuracy": 0.7870462870462871,
    "precision": 0.7848101265822784,
    "recall": 0.7948717948717948,
    "f1": 0.7898089171974523,
    "roc_auc": 0.8421578421578422,
    "pr_auc": 0.8792356555243246
  }
}