{
  "cv_best_params": {
    "n_estimators": 800,
    "min_samples_leaf": 1,
    "max_features": "sqrt",
    "max_depth": null,
    "class_weight": null
  },
  "cv_best_roc_auc": 0.8320043158595043,
  "test_metrics": {
    "accuracy": 0.8193548387096774,
    "balanced_accuracy": 0.8193473193473193,
    "precision": 0.8205128205128205,
    "recall": 0.8205128205128205,
    "f1": 0.8205128205128205,
    "roc_auc": 0.8850316350316352,
    "pr_auc": 0.897553513071883
  }
}